t,delta_theta
0.000000,0.001000
0.040000,0.000999
0.080000,0.000997
0.120000,0.000993
0.160000,0.000988
0.200000,0.000981
0.240000,0.000973
0.280000,0.000964
0.320000,0.000953
0.360000,0.000941
0.400000,0.000927
0.440000,0.000913
0.480000,0.000897
0.520000,0.000881
0.560000,0.000863
0.600000,0.000844
0.640000,0.000825
0.680000,0.000804
0.720000,0.000783
0.760000,0.000761
0.800000,0.000738
0.840000,0.000714
0.880000,0.000690
0.920000,0.000665
0.960000,0.000640
1.000000,0.000614
1.040000,0.000588
1.080000,0.000561
1.120000,0.000534
1.160000,0.000507
1.200000,0.000479
1.240000,0.000452
1.280000,0.000424
1.320000,0.000396
1.360000,0.000368
1.400000,0.000340
1.440000,0.000312
1.480000,0.000284
1.520000,0.000257
1.560000,0.000229
1.600000,0.000202
1.640000,0.000175
1.680000,0.000148
1.720000,0.000121
1.760000,0.000095
1.800000,0.000070
1.840000,0.000044
1.880000,0.000019
1.920000,0.000005
1.960000,0.000029
2.000000,0.000052
2.040000,0.000075
2.080000,0.000098
2.120000,0.000119
2.160000,0.000141
2.200000,0.000161
2.240000,0.000181
2.280000,0.000201
2.320000,0.000219
2.360000,0.000238
2.400000,0.000255
2.440000,0.000272
2.480000,0.000288
2.520000,0.000304
2.560000,0.000319
2.600000,0.000334
2.640000,0.000348
2.680000,0.000362
2.720000,0.000374
2.760000,0.000387
2.800000,0.000399
2.840000,0.000410
2.880000,0.000421
2.920000,0.000432
2.960000,0.000442
3.000000,0.000451
3.040000,0.000460
3.080000,0.000469
3.120000,0.000478
3.160000,0.000486
3.200000,0.000494
3.240000,0.000501
3.280000,0.000508
3.320000,0.000515
3.360000,0.000522
3.400000,0.000529
3.440000,0.000535
3.480000,0.000541
3.520000,0.000547
3.560000,0.000553
3.600000,0.000559
3.640000,0.000565
3.680000,0.000571
3.720000,0.000577
3.760000,0.000582
3.800000,0.000588
3.840000,0.000594
3.880000,0.000599
3.920000,0.000605
3.960000,0.000611
4.000000,0.000616
4.040000,0.000622
4.080000,0.000628
4.120000,0.000634
4.160000,0.000640
4.200000,0.000647
4.240000,0.000653
4.280000,0.000659
4.320000,0.000666
4.360000,0.000672
4.400000,0.000679
4.440000,0.000686
4.480000,0.000693
4.520000,0.000700
4.560000,0.000707
4.600000,0.000715
4.640000,0.000722
4.680000,0.000730
4.720000,0.000737
4.760000,0.000745
4.800000,0.000753
4.840000,0.000761
4.880000,0.000769
4.920000,0.000776
4.960000,0.000784
5.000000,0.000792
5.040000,0.000800
5.080000,0.000808
5.120000,0.000816
5.160000,0.000823
5.200000,0.000831
5.240000,0.000838
5.280000,0.000845
5.320000,0.000852
5.360000,0.000858
5.400000,0.000864
5.440000,0.000870
5.480000,0.000875
5.520000,0.000880
5.560000,0.000885
5.600000,0.000888
5.640000,0.000891
5.680000,0.000894
5.720000,0.000896
5.760000,0.000897
5.800000,0.000897
5.840000,0.000896
5.880000,0.000895
5.920000,0.000892
5.960000,0.000889
6.000000,0.000884
6.040000,0.000879
6.080000,0.000872
6.120000,0.000865
6.160000,0.000856
6.200000,0.000846
6.240000,0.000836
6.280000,0.000824
6.320000,0.000811
6.360000,0.000797
6.400000,0.000782
6.440000,0.000766
6.480000,0.000749
6.520000,0.000732
6.560000,0.000713
6.600000,0.000694
6.640000,0.000674
6.680000,0.000654
6.720000,0.000633
6.760000,0.000612
6.800000,0.000590
6.840000,0.000568
6.880000,0.000546
6.920000,0.000524
6.960000,0.000501
7.000000,0.000479
7.040000,0.000456
7.080000,0.000434
7.120000,0.000412
7.160000,0.000390
7.200000,0.000368
7.240000,0.000347
7.280000,0.000326
7.320000,0.000305
7.360000,0.000285
7.400000,0.000265
7.440000,0.000245
7.480000,0.000226
7.520000,0.000207
7.560000,0.000189
7.600000,0.000171
7.640000,0.000154
7.680000,0.000137
7.720000,0.000120
7.760000,0.000104
7.800000,0.000088
7.840000,0.000073
7.880000,0.000058
7.920000,0.000043
7.960000,0.000029
8.000000,0.000015
8.040000,0.000001
8.080000,0.000012
8.120000,0.000025
8.160000,0.000038
8.200000,0.000051
8.240000,0.000063
8.280000,0.000076
8.320000,0.000088
8.360000,0.000100
8.400000,0.000112
8.440000,0.000124
8.480000,0.000136
8.520000,0.000148
8.560000,0.000160
8.600000,0.000172
8.640000,0.000183
8.680000,0.000195
8.720000,0.000207
8.760000,0.000220
8.800000,0.000232
8.840000,0.000244
8.880000,0.000257
8.920000,0.000269
8.960000,0.000282
9.000000,0.000295
9.040000,0.000308
9.080000,0.000322
9.120000,0.000335
9.160000,0.000349
9.200000,0.000363
9.240000,0.000377
9.280000,0.000392
9.320000,0.000407
9.360000,0.000422
9.400000,0.000437
9.440000,0.000452
9.480000,0.000468
9.520000,0.000483
9.560000,0.000499
9.600000,0.000515
9.640000,0.000531
9.680000,0.000548
9.720000,0.000564
9.760000,0.000581
9.800000,0.000597
9.840000,0.000614
9.880000,0.000630
9.920000,0.000647
9.960000,0.000663
10.000000,0.000679
10.040000,0.000696
10.080000,0.000711
10.120000,0.000727
10.160000,0.000742
10.200000,0.000757
10.240000,0.000772
10.280000,0.000786
10.320000,0.000799
10.360000,0.000812
10.400000,0.000824
10.440000,0.000836
10.480000,0.000847
10.520000,0.000857
10.560000,0.000867
10.600000,0.000875
10.640000,0.000883
10.680000,0.000890
10.720000,0.000896
10.760000,0.000901
10.800000,0.000905
10.840000,0.000907
10.880000,0.000909
10.920000,0.000910
10.960000,0.000910
11.000000,0.000908
11.040000,0.000906
11.080000,0.000902
11.120000,0.000897
11.160000,0.000892
11.200000,0.000885
11.240000,0.000877
11.280000,0.000868
11.320000,0.000858
11.360000,0.000847
11.400000,0.000835
11.440000,0.000822
11.480000,0.000808
11.520000,0.000793
11.560000,0.000778
11.600000,0.000761
11.640000,0.000744
11.680000,0.000726
11.720000,0.000707
11.760000,0.000688
11.800000,0.000668
11.840000,0.000647
11.880000,0.000626
11.920000,0.000604
11.960000,0.000582
12.000000,0.000559
12.040000,0.000537
12.080000,0.000513
12.120000,0.000490
12.160000,0.000466
12.200000,0.000442
12.240000,0.000418
12.280000,0.000393
12.320000,0.000369
12.360000,0.000344
12.400000,0.000320
12.440000,0.000295
12.480000,0.000271
12.520000,0.000247
12.560000,0.000223
12.600000,0.000199
12.640000,0.000175
12.680000,0.000151
12.720000,0.000128
12.760000,0.000105
12.800000,0.000083
12.840000,0.000060
12.880000,0.000038
12.920000,0.000017
12.960000,0.000004
13.000000,0.000025
13.040000,0.000045
13.080000,0.000065
13.120000,0.000084
13.160000,0.000103
13.200000,0.000122
13.240000,0.000139
13.280000,0.000157
13.320000,0.000174
13.360000,0.000190
13.400000,0.000206
13.440000,0.000221
13.480000,0.000236
13.520000,0.000251
13.560000,0.000264
13.600000,0.000278
13.640000,0.000290
13.680000,0.000303
13.720000,0.000315
13.760000,0.000326
13.800000,0.000337
13.840000,0.000347
13.880000,0.000357
13.920000,0.000366
13.960000,0.000375
14.000000,0.000384
14.040000,0.000392
14.080000,0.000399
14.120000,0.000406
14.160000,0.000413
14.200000,0.000419
14.240000,0.000424
14.280000,0.000430
14.320000,0.000434
14.360000,0.000439
14.400000,0.000442
14.440000,0.000446
14.480000,0.000449
14.520000,0.000451
14.560000,0.000453
14.600000,0.000455
14.640000,0.000456
14.680000,0.000456
14.720000,0.000456
14.760000,0.000456
14.800000,0.000455
14.840000,0.000454
14.880000,0.000452
14.920000,0.000449
14.960000,0.000447
15.000000,0.000443
15.040000,0.000439
15.080000,0.000435
15.120000,0.000430
15.160000,0.000425
15.200000,0.000419
15.240000,0.000413
15.280000,0.000406
15.320000,0.000399
15.360000,0.000391
15.400000,0.000383
15.440000,0.000374
15.480000,0.000365
15.520000,0.000356
15.560000,0.000346
15.600000,0.000336
15.640000,0.000325
15.680000,0.000315
15.720000,0.000304
15.760000,0.000292
15.800000,0.000281
15.840000,0.000269
15.880000,0.000257
15.920000,0.000245
15.960000,0.000233
16.000000,0.000221
16.040000,0.000209
16.080000,0.000196
16.120000,0.000184
16.160000,0.000171
16.200000,0.000159
16.240000,0.000147
16.280000,0.000135
16.320000,0.000123
16.360000,0.000111
16.400000,0.000099
16.440000,0.000087
16.480000,0.000076
16.520000,0.000065
16.560000,0.000053
16.600000,0.000043
16.640000,0.000032
16.680000,0.000021
16.720000,0.000011
16.760000,0.000001
16.800000,0.000009
16.840000,0.000019
16.880000,0.000028
16.920000,0.000038
16.960000,0.000047
17.000000,0.000056
17.040000,0.000065
17.080000,0.000073
17.120000,0.000082
17.160000,0.000090
17.200000,0.000099
17.240000,0.000107
17.280000,0.000115
17.320000,0.000123
17.360000,0.000131
17.400000,0.000139
17.440000,0.000146
17.480000,0.000154
17.520000,0.000162
17.560000,0.000170
17.600000,0.000177
17.640000,0.000185
17.680000,0.000193
17.720000,0.000201
17.760000,0.000209
17.800000,0.000217
17.840000,0.000225
17.880000,0.000233
17.920000,0.000241
17.960000,0.000250
18.000000,0.000259
18.040000,0.000267
18.080000,0.000276
18.120000,0.000286
18.160000,0.000295
18.200000,0.000305
18.240000,0.000315
18.280000,0.000325
18.320000,0.000335
18.360000,0.000346
18.400000,0.000357
18.440000,0.000368
18.480000,0.000380
18.520000,0.000392
18.560000,0.000405
18.600000,0.000417
18.640000,0.000431
18.680000,0.000444
18.720000,0.000458
18.760000,0.000473
18.800000,0.000488
18.840000,0.000503
18.880000,0.000519
18.920000,0.000536
18.960000,0.000552
19.000000,0.000570
19.040000,0.000588
19.080000,0.000607
19.120000,0.000626
19.160000,0.000646
19.200000,0.000666
19.240000,0.000687
19.280000,0.000709
19.320000,0.000731
19.360000,0.000754
19.400000,0.000778
19.440000,0.000803
19.480000,0.000828
19.520000,0.000854
19.560000,0.000881
19.600000,0.000909
19.640000,0.000938
19.680000,0.000967
19.720000,0.000998
19.760000,0.001029
19.800000,0.001062
19.840000,0.001095
19.880000,0.001129
19.920000,0.001165
19.960000,0.001201
20.000000,0.001239
20.040000,0.001277
20.080000,0.001317
20.120000,0.001358
20.160000,0.001401
20.200000,0.001445
20.240000,0.001490
20.280000,0.001536
20.320000,0.001584
20.360000,0.001633
20.400000,0.001684
20.440000,0.001737
20.480000,0.001791
20.520000,0.001847
20.560000,0.001905
20.600000,0.001964
20.640000,0.002026
20.680000,0.002089
20.720000,0.002155
20.760000,0.002222
20.800000,0.002292
20.840000,0.002364
20.880000,0.002438
20.920000,0.002515
20.960000,0.002594
21.000000,0.002675
21.040000,0.002760
21.080000,0.002847
21.120000,0.002936
21.160000,0.003029
21.200000,0.003124
21.240000,0.003222
21.280000,0.003324
21.320000,0.003428
21.360000,0.003535
21.400000,0.003646
21.440000,0.003759
21.480000,0.003875
21.520000,0.003995
21.560000,0.004117
21.600000,0.004242
21.640000,0.004370
21.680000,0.004501
21.720000,0.004634
21.760000,0.004769
21.800000,0.004906
21.840000,0.005045
21.880000,0.005185
21.920000,0.005326
21.960000,0.005467
22.000000,0.005609
22.040000,0.005750
22.080000,0.005890
22.120000,0.006028
22.160000,0.006164
22.200000,0.006297
22.240000,0.006426
22.280000,0.006551
22.320000,0.006670
22.360000,0.006783
22.400000,0.006890
22.440000,0.006988
22.480000,0.007079
22.520000,0.007160
22.560000,0.007231
22.600000,0.007292
22.640000,0.007343
22.680000,0.007382
22.720000,0.007410
22.760000,0.007426
22.800000,0.007431
22.840000,0.007424
22.880000,0.007405
22.920000,0.007375
22.960000,0.007334
23.000000,0.007282
23.040000,0.007220
23.080000,0.007149
23.120000,0.007069
23.160000,0.006981
23.200000,0.006885
23.240000,0.006783
23.280000,0.006675
23.320000,0.006562
23.360000,0.006445
23.400000,0.006324
23.440000,0.006201
23.480000,0.006075
23.520000,0.005948
23.560000,0.005820
23.600000,0.005691
23.640000,0.005563
23.680000,0.005436
23.720000,0.005309
23.760000,0.005185
23.800000,0.005062
23.840000,0.004941
23.880000,0.004822
23.920000,0.004707
23.960000,0.004593
24.000000,0.004483
24.040000,0.004376
24.080000,0.004272
24.120000,0.004171
24.160000,0.004073
24.200000,0.003978
24.240000,0.003887
24.280000,0.003799
24.320000,0.003713
24.360000,0.003631
24.400000,0.003552
24.440000,0.003476
24.480000,0.003402
24.520000,0.003331
24.560000,0.003262
24.600000,0.003196
24.640000,0.003133
24.680000,0.003071
24.720000,0.003011
24.760000,0.002953
24.800000,0.002897
24.840000,0.002843
24.880000,0.002789
24.920000,0.002737
24.960000,0.002686
25.000000,0.002636
25.040000,0.002587
25.080000,0.002538
25.120000,0.002489
25.160000,0.002441
25.200000,0.002392
25.240000,0.002344
25.280000,0.002295
25.320000,0.002245
25.360000,0.002195
25.400000,0.002145
25.440000,0.002093
25.480000,0.002041
25.520000,0.001987
25.560000,0.001933
25.600000,0.001877
25.640000,0.001820
25.680000,0.001762
25.720000,0.001702
25.760000,0.001641
25.800000,0.001579
25.840000,0.001516
25.880000,0.001452
25.920000,0.001387
25.960000,0.001321
26.000000,0.001254
26.040000,0.001186
26.080000,0.001118
26.120000,0.001050
26.160000,0.000981
26.200000,0.000912
26.240000,0.000844
26.280000,0.000775
26.320000,0.000707
26.360000,0.000640
26.400000,0.000573
26.440000,0.000506
26.480000,0.000441
26.520000,0.000376
26.560000,0.000313
26.600000,0.000250
26.640000,0.000189
26.680000,0.000129
26.720000,0.000070
26.760000,0.000012
26.800000,0.000045
26.840000,0.000101
26.880000,0.000155
26.920000,0.000209
26.960000,0.000261
27.000000,0.000313
27.040000,0.000364
27.080000,0.000413
27.120000,0.000463
27.160000,0.000511
27.200000,0.000559
27.240000,0.000606
27.280000,0.000653
27.320000,0.000700
27.360000,0.000746
27.400000,0.000793
27.440000,0.000839
27.480000,0.000885
27.520000,0.000932
27.560000,0.000979
27.600000,0.001026
27.640000,0.001073
27.680000,0.001122
27.720000,0.001170
27.760000,0.001220
27.800000,0.001270
27.840000,0.001321
27.880000,0.001373
27.920000,0.001426
27.960000,0.001480
28.000000,0.001536
28.040000,0.001592
28.080000,0.001650
28.120000,0.001710
28.160000,0.001771
28.200000,0.001833
28.240000,0.001898
28.280000,0.001964
28.320000,0.002032
28.360000,0.002101
28.400000,0.002173
28.440000,0.002247
28.480000,0.002322
28.520000,0.002400
28.560000,0.002480
28.600000,0.002562
28.640000,0.002647
28.680000,0.002734
28.720000,0.002823
28.760000,0.002915
28.800000,0.003010
28.840000,0.003107
28.880000,0.003206
28.920000,0.003309
28.960000,0.003414
29.000000,0.003522
29.040000,0.003632
29.080000,0.003746
29.120000,0.003862
29.160000,0.003982
29.200000,0.004105
29.240000,0.004230
29.280000,0.004359
29.320000,0.004491
29.360000,0.004627
29.400000,0.004765
29.440000,0.004907
29.480000,0.005052
29.520000,0.005201
29.560000,0.005353
29.600000,0.005509
29.640000,0.005669
29.680000,0.005832
29.720000,0.005999
29.760000,0.006169
29.800000,0.006344
29.840000,0.006523
29.880000,0.006705
29.920000,0.006892
29.960000,0.007083
30.000000,0.007279
30.040000,0.007479
30.080000,0.007683
30.120000,0.007892
30.160000,0.008107
30.200000,0.008326
30.240000,0.008550
30.280000,0.008779
30.320000,0.009014
30.360000,0.009254
30.400000,0.009501
30.440000,0.009753
30.480000,0.010011
30.520000,0.010276
30.560000,0.010548
30.600000,0.010827
30.640000,0.011113
30.680000,0.011406
30.720000,0.011707
30.760000,0.012016
30.800000,0.012334
30.840000,0.012661
30.880000,0.012996
30.920000,0.013342
30.960000,0.013697
31.000000,0.014062
31.040000,0.014439
31.080000,0.014826
31.120000,0.015226
31.160000,0.015637
31.200000,0.016062
31.240000,0.016499
31.280000,0.016951
31.320000,0.017417
31.360000,0.017898
31.400000,0.018395
31.440000,0.018908
31.480000,0.019438
31.520000,0.019986
31.560000,0.020552
31.600000,0.021137
31.640000,0.021743
31.680000,0.022369
31.720000,0.023016
31.760000,0.023686
31.800000,0.024378
31.840000,0.025095
31.880000,0.025836
31.920000,0.026603
31.960000,0.027397
32.000000,0.028218
32.040000,0.029067
32.080000,0.029945
32.120000,0.030853
32.160000,0.031792
32.200000,0.032763
32.240000,0.033767
32.280000,0.034804
32.320000,0.035875
32.360000,0.036981
32.400000,0.038123
32.440000,0.039302
32.480000,0.040517
32.520000,0.041771
32.560000,0.043062
32.600000,0.044393
32.640000,0.045762
32.680000,0.047171
32.720000,0.048620
32.760000,0.050108
32.800000,0.051636
32.840000,0.053204
32.880000,0.054810
32.920000,0.056456
32.960000,0.058139
33.000000,0.059860
33.040000,0.061617
33.080000,0.063410
33.120000,0.065236
33.160000,0.067094
33.200000,0.068983
33.240000,0.070899
33.280000,0.072842
33.320000,0.074808
33.360000,0.076795
33.400000,0.078799
33.440000,0.080818
33.480000,0.082847
33.520000,0.084884
33.560000,0.086923
33.600000,0.088960
33.640000,0.090992
33.680000,0.093013
33.720000,0.095018
33.760000,0.097003
33.800000,0.098961
33.840000,0.100888
33.880000,0.102778
33.920000,0.104625
33.960000,0.106424
34.000000,0.108168
34.040000,0.109853
34.080000,0.111472
34.120000,0.113019
34.160000,0.114490
34.200000,0.115878
34.240000,0.117179
34.280000,0.118386
34.320000,0.119496
34.360000,0.120504
34.400000,0.121405
34.440000,0.122195
34.480000,0.122870
34.520000,0.123428
34.560000,0.123864
34.600000,0.124176
34.640000,0.124363
34.680000,0.124422
34.720000,0.124351
34.760000,0.124149
34.800000,0.123816
34.840000,0.123352
34.880000,0.122756
34.920000,0.122030
34.960000,0.121173
35.000000,0.120187
35.040000,0.119074
35.080000,0.117836
35.120000,0.116475
35.160000,0.114994
35.200000,0.113395
35.240000,0.111682
35.280000,0.109857
35.320000,0.107926
35.360000,0.105891
35.400000,0.103757
35.440000,0.101528
35.480000,0.099208
35.520000,0.096803
35.560000,0.094316
35.600000,0.091753
35.640000,0.089118
35.680000,0.086417
35.720000,0.083655
35.760000,0.080836
35.800000,0.077966
35.840000,0.075049
35.880000,0.072092
35.920000,0.069099
35.960000,0.066076
36.000000,0.063026
36.040000,0.059956
36.080000,0.056870
36.120000,0.053772
36.160000,0.050668
36.200000,0.047563
36.240000,0.044460
36.280000,0.041363
36.320000,0.038278
36.360000,0.035208
36.400000,0.032156
36.440000,0.029128
36.480000,0.026125
36.520000,0.023152
36.560000,0.020211
36.600000,0.017306
36.640000,0.014439
36.680000,0.011613
36.720000,0.008831
36.760000,0.006094
36.800000,0.003405
36.840000,0.000766
36.880000,0.001821
36.920000,0.004356
36.960000,0.006836
37.000000,0.009260
37.040000,0.011627
37.080000,0.013937
37.120000,0.016187
37.160000,0.018378
37.200000,0.020508
37.240000,0.022577
37.280000,0.024584
37.320000,0.026529
37.360000,0.028412
37.400000,0.030232
37.440000,0.031989
37.480000,0.033682
37.520000,0.035311
37.560000,0.036877
37.600000,0.038378
37.640000,0.039815
37.680000,0.041187
37.720000,0.042494
37.760000,0.043735
37.800000,0.044911
37.840000,0.046022
37.880000,0.047065
37.920000,0.048043
37.960000,0.048953
38.000000,0.049796
38.040000,0.050571
38.080000,0.051278
38.120000,0.051915
38.160000,0.052484
38.200000,0.052983
38.240000,0.053412
38.280000,0.053770
38.320000,0.054057
38.360000,0.054272
38.400000,0.054416
38.440000,0.054488
38.480000,0.054488
38.520000,0.054416
38.560000,0.054272
38.600000,0.054056
38.640000,0.053768
38.680000,0.053409
38.720000,0.052980
38.760000,0.052481
38.800000,0.051914
38.840000,0.051279
38.880000,0.050578
38.920000,0.049813
38.960000,0.048985
39.000000,0.048096
39.040000,0.047150
39.080000,0.046147
39.120000,0.045091
39.160000,0.043985
39.200000,0.042831
39.240000,0.041634
39.280000,0.040395
39.320000,0.039118
39.360000,0.037808
39.400000,0.036466
39.440000,0.035098
39.480000,0.033707
39.520000,0.032295
39.560000,0.030868
39.600000,0.029428
39.640000,0.027978
39.680000,0.026523
39.720000,0.025065
39.760000,0.023608
39.800000,0.022154
39.840000,0.020706
39.880000,0.019267
39.920000,0.017839
39.960000,0.016424
40.000000,0.015025
40.040000,0.013643
40.080000,0.012279
40.120000,0.010935
40.160000,0.009612
40.200000,0.008311
40.240000,0.007032
40.280000,0.005777
40.320000,0.004545
40.360000,0.003336
40.400000,0.002152
40.440000,0.000990
40.480000,0.000148
40.520000,0.001264
40.560000,0.002358
40.600000,0.003431
40.640000,0.004484
40.680000,0.005517
40.720000,0.006532
40.760000,0.007530
40.800000,0.008511
40.840000,0.009478
40.880000,0.010431
40.920000,0.011373
40.960000,0.012303
41.000000,0.013224
41.040000,0.014138
41.080000,0.015045
41.120000,0.015948
41.160000,0.016847
41.200000,0.017745
41.240000,0.018642
41.280000,0.019542
41.320000,0.020444
41.360000,0.021351
41.400000,0.022264
41.440000,0.023186
41.480000,0.024117
41.520000,0.025059
41.560000,0.026013
41.600000,0.026982
41.640000,0.027967
41.680000,0.028970
41.720000,0.029992
41.760000,0.031034
41.800000,0.032099
41.840000,0.033188
41.880000,0.034303
41.920000,0.035444
41.960000,0.036615
42.000000,0.037816
42.040000,0.039049
42.080000,0.040316
42.120000,0.041619
42.160000,0.042958
42.200000,0.044337
42.240000,0.045756
42.280000,0.047216
42.320000,0.048721
42.360000,0.050272
42.400000,0.051870
42.440000,0.053517
42.480000,0.055215
42.520000,0.056966
42.560000,0.058772
42.600000,0.060635
42.640000,0.062556
42.680000,0.064538
42.720000,0.066582
42.760000,0.068692
42.800000,0.070868
42.840000,0.073113
42.880000,0.075429
42.920000,0.077819
42.960000,0.080285
43.000000,0.082829
43.040000,0.085454
43.080000,0.088162
43.120000,0.090956
43.160000,0.093840
43.200000,0.096814
43.240000,0.099883
43.280000,0.103049
43.320000,0.106316
43.360000,0.109687
43.400000,0.113164
43.440000,0.116752
43.480000,0.120454
43.520000,0.124273
43.560000,0.128213
43.600000,0.132278
43.640000,0.136472
43.680000,0.140798
43.720000,0.145261
43.760000,0.149866
43.800000,0.154615
43.840000,0.159513
43.880000,0.164565
43.920000,0.169775
43.960000,0.175146
44.000000,0.180684
44.040000,0.186392
44.080000,0.192273
44.120000,0.198332
44.160000,0.204572
44.200000,0.210996
44.240000,0.217606
44.280000,0.224405
44.320000,0.231394
44.360000,0.238574
44.400000,0.245944
44.440000,0.253505
44.480000,0.261252
44.520000,0.269183
44.560000,0.277294
44.600000,0.285576
44.640000,0.294023
44.680000,0.302622
44.720000,0.311363
44.760000,0.320230
44.800000,0.329205
44.840000,0.338268
44.880000,0.347396
44.920000,0.356562
44.960000,0.365738
45.000000,0.374890
45.040000,0.383984
45.080000,0.392980
45.120000,0.401838
45.160000,0.410512
45.200000,0.418957
45.240000,0.427123
45.280000,0.434961
45.320000,0.442421
45.360000,0.449450
45.400000,0.456000
45.440000,0.462021
45.480000,0.467467
45.520000,0.472294
45.560000,0.476464
45.600000,0.479942
45.640000,0.482701
45.680000,0.484718
45.720000,0.485979
45.760000,0.486476
45.800000,0.486210
45.840000,0.485188
45.880000,0.483426
45.920000,0.480948
45.960000,0.477783
46.000000,0.473968
46.040000,0.469544
46.080000,0.464559
46.120000,0.459062
46.160000,0.453108
46.200000,0.446752
46.240000,0.440051
46.280000,0.433062
46.320000,0.425843
46.360000,0.418448
46.400000,0.410932
46.440000,0.403346
46.480000,0.395740
46.520000,0.388159
46.560000,0.380647
46.600000,0.373242
46.640000,0.365982
46.680000,0.358898
46.720000,0.352020
46.760000,0.345374
46.800000,0.338983
46.840000,0.332868
46.880000,0.327045
46.920000,0.321529
46.960000,0.316333
47.000000,0.311467
47.040000,0.306939
47.080000,0.302757
47.120000,0.298924
47.160000,0.295445
47.200000,0.292323
47.240000,0.289559
47.280000,0.287153
47.320000,0.285106
47.360000,0.283417
47.400000,0.282085
47.440000,0.281108
47.480000,0.280484
47.520000,0.280211
47.560000,0.280287
47.600000,0.280709
47.640000,0.281474
47.680000,0.282580
47.720000,0.284025
47.760000,0.285804
47.800000,0.287917
47.840000,0.290360
47.880000,0.293130
47.920000,0.296225
47.960000,0.299642
48.000000,0.303379
48.040000,0.307432
48.080000,0.311798
48.120000,0.316476
48.160000,0.321460
48.200000,0.326749
48.240000,0.332337
48.280000,0.338221
48.320000,0.344395
48.360000,0.350855
48.400000,0.357594
48.440000,0.364605
48.480000,0.371880
48.520000,0.379410
48.560000,0.387184
48.600000,0.395191
48.640000,0.403417
48.680000,0.411847
48.720000,0.420464
48.760000,0.429249
48.800000,0.438179
48.840000,0.447231
48.880000,0.456378
48.920000,0.465591
48.960000,0.474837
49.000000,0.484082
49.040000,0.493287
49.080000,0.502411
49.120000,0.511409
49.160000,0.520236
49.200000,0.528842
49.240000,0.537175
49.280000,0.545182
49.320000,0.552808
49.360000,0.559997
49.400000,0.566693
49.440000,0.572841
49.480000,0.578386
49.520000,0.583278
49.560000,0.587466
49.600000,0.590907
49.640000,0.593559
49.680000,0.595390
49.720000,0.596370
49.760000,0.596481
49.800000,0.595708
49.840000,0.594048
49.880000,0.591505
49.920000,0.588091
49.960000,0.583827
50.000000,0.578743
50.040000,0.572877
50.080000,0.566271
50.120000,0.558977
50.160000,0.551051
50.200000,0.542553
50.240000,0.533548
50.280000,0.524102
50.320000,0.514282
50.360000,0.504159
50.400000,0.493799
50.440000,0.483270
50.480000,0.472637
50.520000,0.461962
50.560000,0.451305
50.600000,0.440721
50.640000,0.430262
50.680000,0.419977
50.720000,0.409908
50.760000,0.400096
50.800000,0.390575
50.840000,0.381378
50.880000,0.372532
50.920000,0.364060
50.960000,0.355984
51.000000,0.348319
51.040000,0.341082
51.080000,0.334283
51.120000,0.327932
51.160000,0.322034
51.200000,0.316597
51.240000,0.311622
51.280000,0.307112
51.320000,0.303067
51.360000,0.299487
51.400000,0.296371
51.440000,0.293716
51.480000,0.291519
51.520000,0.289779
51.560000,0.288491
51.600000,0.287651
51.640000,0.287255
51.680000,0.287301
51.720000,0.287783
51.760000,0.288697
51.800000,0.290041
51.840000,0.291810
51.880000,0.294001
51.920000,0.296611
51.960000,0.299636
52.000000,0.303073
52.040000,0.306922
52.080000,0.311177
52.120000,0.315839
52.160000,0.320906
52.200000,0.326375
52.240000,0.332246
52.280000,0.338518
52.320000,0.345191
52.360000,0.352263
52.400000,0.359737
52.440000,0.367611
52.480000,0.375887
52.520000,0.384565
52.560000,0.393647
52.600000,0.403135
52.640000,0.413030
52.680000,0.423334
52.720000,0.434051
52.760000,0.445184
52.800000,0.456735
52.840000,0.468708
52.880000,0.481107
52.920000,0.493938
52.960000,0.507203
53.000000,0.520910
53.040000,0.535064
53.080000,0.549670
53.120000,0.564736
53.160000,0.580269
53.200000,0.596277
53.240000,0.612769
53.280000,0.629752
53.320000,0.647239
53.360000,0.665238
53.400000,0.683760
53.440000,0.702819
53.480000,0.722427
53.520000,0.742597
53.560000,0.763344
53.600000,0.784683
53.640000,0.806632
53.680000,0.829206
53.720000,0.852425
53.760000,0.876309
53.800000,0.900878
53.840000,0.926153
53.880000,0.952157
53.920000,0.978915
53.960000,1.006452
54.000000,1.034794
54.040000,1.063968
54.080000,1.094004
54.120000,1.124930
54.160000,1.156778
54.200000,1.189580
54.240000,1.223368
54.280000,1.258177
54.320000,1.294040
54.360000,1.330994
54.400000,1.369073
54.440000,1.408315
54.480000,1.448755
54.520000,1.490429
54.560000,1.533374
54.600000,1.577625
54.640000,1.623216
54.680000,1.670180
54.720000,1.718550
54.760000,1.768355
54.800000,1.819621
54.840000,1.872372
54.880000,1.926629
54.920000,1.982409
54.960000,2.039722
55.000000,2.098575
55.040000,2.158969
55.080000,2.220897
55.120000,2.284347
55.160000,2.349297
55.200000,2.415718
55.240000,2.483574
55.280000,2.552817
55.320000,2.623392
55.360000,2.695232
55.400000,2.768264
55.440000,2.842401
55.480000,2.917551
55.520000,2.993610
55.560000,3.070466
55.600000,3.148000
55.640000,3.226086
55.680000,3.304591
55.720000,3.383378
55.760000,3.462305
55.800000,3.541230
55.840000,3.620008
55.880000,3.698496
55.920000,3.776551
55.960000,3.854034
56.000000,3.930810
56.040000,4.006751
56.080000,4.081735
56.120000,4.155647
56.160000,4.228380
56.200000,4.299839
56.240000,4.369934
56.280000,4.438590
56.320000,4.505738
56.360000,4.571321
56.400000,4.635290
56.440000,4.697609
56.480000,4.758248
56.520000,4.817187
56.560000,4.874416
56.600000,4.929930
56.640000,4.983733
56.680000,5.035836
56.720000,5.086255
56.760000,5.135011
56.800000,5.182133
56.840000,5.227650
56.880000,5.271597
56.920000,5.314014
56.960000,5.354939
57.000000,5.394417
57.040000,5.432493
57.080000,5.469212
57.120000,5.504622
57.160000,5.538772
57.200000,5.571711
57.240000,5.603487
57.280000,5.634151
57.320000,5.663752
57.360000,5.692337
57.400000,5.719957
57.440000,5.746658
57.480000,5.772487
57.520000,5.797491
57.560000,5.821716
57.600000,5.845204
57.640000,5.867999
57.680000,5.890143
57.720000,5.911676
57.760000,5.932636
57.800000,5.953061
57.840000,5.972987
57.880000,5.992446
57.920000,6.011471
57.960000,6.030091
58.000000,6.048333
58.040000,6.066224
58.080000,6.083786
58.120000,6.101039
58.160000,6.118001
58.200000,6.134687
58.240000,6.151110
58.280000,6.167280
58.320000,6.183202
58.360000,6.198880
58.400000,6.214317
58.440000,6.229510
58.480000,6.244455
58.520000,6.259145
58.560000,6.273573
58.600000,6.287726
58.640000,6.301593
58.680000,6.315159
58.720000,6.328412
58.760000,6.341335
58.800000,6.353915
58.840000,6.366135
58.880000,6.377984
58.920000,6.389448
58.960000,6.400517
59.000000,6.411183
59.040000,6.421438
59.080000,6.431281
59.120000,6.440709
59.160000,6.449725
59.200000,6.458334
59.240000,6.466545
59.280000,6.474368
59.320000,6.481818
59.360000,6.488911
59.400000,6.495665
59.440000,6.502103
59.480000,6.508247
59.520000,6.514122
59.560000,6.519755
59.600000,6.525172
59.640000,6.530402
59.680000,6.535473
59.720000,6.540416
59.760000,6.545258
59.800000,6.550029
59.840000,6.554758
59.880000,6.559473
59.920000,6.564204
59.960000,6.568976
60.000000,6.573817
60.040000,6.578753
60.080000,6.583810
60.120000,6.589011
60.160000,6.594380
60.200000,6.599941
60.240000,6.605716
60.280000,6.611724
60.320000,6.617989
60.360000,6.624528
60.400000,6.631361
60.440000,6.638506
60.480000,6.645982
60.520000,6.653805
60.560000,6.661992
60.600000,6.670558
60.640000,6.679520
60.680000,6.688892
60.720000,6.698687
60.760000,6.708921
60.800000,6.719606
60.840000,6.730755
60.880000,6.742380
60.920000,6.754493
60.960000,6.767105
61.000000,6.780226
61.040000,6.793866
61.080000,6.808034
61.120000,6.822740
61.160000,6.837990
61.200000,6.853792
61.240000,6.870153
61.280000,6.887076
61.320000,6.904567
61.360000,6.922630
61.400000,6.941266
61.440000,6.960477
61.480000,6.980263
61.520000,7.000622
61.560000,7.021554
61.600000,7.043052
61.640000,7.065114
61.680000,7.087731
61.720000,7.110896
61.760000,7.134599
61.800000,7.158829
61.840000,7.183574
61.880000,7.208818
61.920000,7.234547
61.960000,7.260741
62.000000,7.287383
62.040000,7.314451
62.080000,7.341923
62.120000,7.369776
62.160000,7.397983
62.200000,7.426518
62.240000,7.455354
62.280000,7.484461
62.320000,7.513809
62.360000,7.543368
62.400000,7.573104
62.440000,7.602986
62.480000,7.632980
62.520000,7.663053
62.560000,7.693172
62.600000,7.723301
62.640000,7.753409
62.680000,7.783460
62.720000,7.813424
62.760000,7.843267
62.800000,7.872958
62.840000,7.902467
62.880000,7.931765
62.920000,7.960825
62.960000,7.989619
63.000000,8.018125
63.040000,8.046318
63.080000,8.074178
63.120000,8.101687
63.160000,8.128829
63.200000,8.155588
63.240000,8.181953
63.280000,8.207916
63.320000,8.233469
63.360000,8.258608
63.400000,8.283332
63.440000,8.307642
63.480000,8.331542
63.520000,8.355039
63.560000,8.378142
63.600000,8.400864
63.640000,8.423220
63.680000,8.445227
63.720000,8.466907
63.760000,8.488282
63.800000,8.509378
63.840000,8.530225
63.880000,8.550852
63.920000,8.571295
63.960000,8.591588
64.000000,8.611771
64.040000,8.631883
64.080000,8.651969
64.120000,8.672072
64.160000,8.692241
64.200000,8.712525
64.240000,8.732973
64.280000,8.753639
64.320000,8.774576
64.360000,8.795841
64.400000,8.817490
64.440000,8.839581
64.480000,8.862174
64.520000,8.885328
64.560000,8.909105
64.600000,8.933565
64.640000,8.958769
64.680000,8.984781
64.720000,9.011661
64.760000,9.039472
64.800000,9.068274
64.840000,9.098128
64.880000,9.129094
64.920000,9.161230
64.960000,9.194593
65.000000,9.229239
65.040000,9.265222
65.080000,9.302592
65.120000,9.341398
65.160000,9.381687
65.200000,9.423502
65.240000,9.466881
65.280000,9.511860
65.320000,9.558470
65.360000,9.606738
65.400000,9.656687
65.440000,9.708332
65.480000,9.761685
65.520000,9.816752
65.560000,9.873531
65.600000,9.932017
65.640000,9.992194
65.680000,10.054042
65.720000,10.117535
65.760000,10.182637
65.800000,10.249306
65.840000,10.317494
65.880000,10.387145
65.920000,10.458195
65.960000,10.530575
66.000000,10.604209
66.040000,10.679014
66.080000,10.754903
66.120000,10.831780
66.160000,10.909549
66.200000,10.988106
66.240000,11.067345
66.280000,11.147156
66.320000,11.227428
66.360000,11.308046
66.400000,11.388896
66.440000,11.469862
66.480000,11.550828
66.520000,11.631680
66.560000,11.712303
66.600000,11.792585
66.640000,11.872416
66.680000,11.951687
66.720000,12.030294
66.760000,12.108133
66.800000,12.185106
66.840000,12.261115
66.880000,12.336069
66.920000,12.409878
66.960000,12.482455
67.000000,12.553719
67.040000,12.623591
67.080000,12.691995
67.120000,12.758858
67.160000,12.824112
67.200000,12.887692
67.240000,12.949535
67.280000,13.009583
67.320000,13.067780
67.360000,13.124073
67.400000,13.178415
67.440000,13.230759
67.480000,13.281065
67.520000,13.329294
67.560000,13.375413
67.600000,13.419391
67.640000,13.461203
67.680000,13.500826
67.720000,13.538245
67.760000,13.573446
67.800000,13.606423
67.840000,13.637173
67.880000,13.665698
67.920000,13.692008
67.960000,13.716116
68.000000,13.738041
68.040000,13.757808
68.080000,13.775447
68.120000,13.790995
68.160000,13.804493
68.200000,13.815988
68.240000,13.825532
68.280000,13.833183
68.320000,13.839004
68.360000,13.843062
68.400000,13.845428
68.440000,13.846178
68.480000,13.845391
68.520000,13.843150
68.560000,13.839540
68.600000,13.834649
68.640000,13.828567
68.680000,13.821384
68.720000,13.813194
68.760000,13.804089
68.800000,13.794163
68.840000,13.783506
68.880000,13.772212
68.920000,13.760371
68.960000,13.748072
69.000000,13.735401
69.040000,13.722443
69.080000,13.709280
69.120000,13.695992
69.160000,13.682654
69.200000,13.669339
69.240000,13.656117
69.280000,13.643055
69.320000,13.630213
69.360000,13.617652
69.400000,13.605426
69.440000,13.593588
69.480000,13.582185
69.520000,13.571264
69.560000,13.560864
69.600000,13.551026
69.640000,13.541783
69.680000,13.533169
69.720000,13.525213
69.760000,13.517943
69.800000,13.511382
69.840000,13.505554
69.880000,13.500478
69.920000,13.496172
69.960000,13.492654
70.000000,13.489938
70.040000,13.488038
70.080000,13.486965
70.120000,13.486731
70.160000,13.487345
70.200000,13.488816
70.240000,13.491154
70.280000,13.494363
70.320000,13.498453
70.360000,13.503429
70.400000,13.509296
70.440000,13.516062
70.480000,13.523729
70.520000,13.532305
70.560000,13.541793
70.600000,13.552198
70.640000,13.563525
70.680000,13.575778
70.720000,13.588961
70.760000,13.603079
70.800000,13.618136
70.840000,13.634135
70.880000,13.651081
70.920000,13.668977
70.960000,13.687826
71.000000,13.707632
71.040000,13.728398
71.080000,13.750124
71.120000,13.772814
71.160000,13.796468
71.200000,13.821086
71.240000,13.846667
71.280000,13.873209
71.320000,13.900710
71.360000,13.929164
71.400000,13.958566
71.440000,13.988906
71.480000,14.020175
71.520000,14.052359
71.560000,14.085444
71.600000,14.119410
71.640000,14.154236
71.680000,14.189896
71.720000,14.226361
71.760000,14.263598
71.800000,14.301569
71.840000,14.340230
71.880000,14.379533
71.920000,14.419425
71.960000,14.459845
72.000000,14.500729
72.040000,14.542005
72.080000,14.583593
72.120000,14.625410
72.160000,14.667363
72.200000,14.709355
72.240000,14.751279
72.280000,14.793027
72.320000,14.834479
72.360000,14.875513
72.400000,14.916001
72.440000,14.955809
72.480000,14.994801
72.520000,15.032834
72.560000,15.069767
72.600000,15.105453
72.640000,15.139748
72.680000,15.172504
72.720000,15.203579
72.760000,15.232830
72.800000,15.260119
72.840000,15.285312
72.880000,15.308281
72.920000,15.328906
72.960000,15.347073
73.000000,15.362679
73.040000,15.375630
73.080000,15.385843
73.120000,15.393247
73.160000,15.397785
73.200000,15.399411
73.240000,15.398097
73.280000,15.393825
73.320000,15.386597
73.360000,15.376429
73.400000,15.363352
73.440000,15.347414
73.480000,15.328682
73.520000,15.307234
73.560000,15.283170
73.600000,15.256602
73.640000,15.227658
73.680000,15.196481
73.720000,15.163228
73.760000,15.128066
73.800000,15.091176
73.840000,15.052747
73.880000,15.012977
73.920000,14.972070
73.960000,14.930234
74.000000,14.887681
74.040000,14.844623
74.080000,14.801272
74.120000,14.757835
74.160000,14.714516
74.200000,14.671514
74.240000,14.629018
74.280000,14.587210
74.320000,14.546261
74.360000,14.506332
74.400000,14.467574
74.440000,14.430123
74.480000,14.394105
74.520000,14.359635
74.560000,14.326814
74.600000,14.295733
74.640000,14.266470
74.680000,14.239095
74.720000,14.213665
74.760000,14.190230
74.800000,14.168830
74.840000,14.149495
74.880000,14.132252
74.920000,14.117119
74.960000,14.104106
75.000000,14.093221
75.040000,14.084466
75.080000,14.077838
75.120000,14.073332
75.160000,14.070939
75.200000,14.070648
75.240000,14.072445
75.280000,14.076314
75.320000,14.082237
75.360000,14.090197
75.400000,14.100173
75.440000,14.112145
75.480000,14.126090
75.520000,14.141987
75.560000,14.159813
75.600000,14.179544
75.640000,14.201156
75.680000,14.224624
75.720000,14.249925
75.760000,14.277031
75.800000,14.305919
75.840000,14.336561
75.880000,14.368930
75.920000,14.403000
75.960000,14.438744
76.000000,14.476132
76.040000,14.515137
76.080000,14.555729
76.120000,14.597881
76.160000,14.641561
76.200000,14.686740
76.240000,14.733389
76.280000,14.781476
76.320000,14.830972
76.360000,14.881846
76.400000,14.934068
76.440000,14.987609
76.480000,15.042438
76.520000,15.098527
76.560000,15.155847
76.600000,15.214370
76.640000,15.274070
76.680000,15.334921
76.720000,15.396897
76.760000,15.459975
76.800000,15.524132
76.840000,15.589347
76.880000,15.655600
76.920000,15.722872
76.960000,15.791144
77.000000,15.860402
77.040000,15.930627
77.080000,16.001807
77.120000,16.073927
77.160000,16.146972
77.200000,16.220928
77.240000,16.295782
77.280000,16.371519
77.320000,16.448121
77.360000,16.525572
77.400000,16.603850
77.440000,16.682934
77.480000,16.762796
77.520000,16.843408
77.560000,16.924734
77.600000,17.006735
77.640000,17.089366
77.680000,17.172577
77.720000,17.256309
77.760000,17.340499
77.800000,17.425076
77.840000,17.509963
77.880000,17.595075
77.920000,17.680320
77.960000,17.765602
78.000000,17.850817
78.040000,17.935857
78.080000,18.020610
78.120000,18.104959
78.160000,18.188787
78.200000,18.271976
78.240000,18.354407
78.280000,18.435964
78.320000,18.516533
78.360000,18.596006
78.400000,18.674278
78.440000,18.751254
78.480000,18.826844
78.520000,18.900970
78.560000,18.973559
78.600000,19.044554
78.640000,19.113903
78.680000,19.181568
78.720000,19.247523
78.760000,19.311748
78.800000,19.374240
78.840000,19.435002
78.880000,19.494047
78.920000,19.551399
78.960000,19.607091
79.000000,19.661162
79.040000,19.713659
79.080000,19.764635
79.120000,19.814150
79.160000,19.862269
79.200000,19.909059
79.240000,19.954593
79.280000,19.998945
79.320000,20.042191
79.360000,20.084411
79.400000,20.125683
79.440000,20.166088
79.480000,20.205704
79.520000,20.244612
79.560000,20.282890
79.600000,20.320614
79.640000,20.357861
79.680000,20.394705
79.720000,20.431219
79.760000,20.467470
79.800000,20.503529
79.840000,20.539459
79.880000,20.575323
79.920000,20.611181
79.960000,20.647090
80.000000,20.683103
80.040000,20.719273
80.080000,20.755646
80.120000,20.792269
80.160000,20.829183
80.200000,20.866426
80.240000,20.904035
80.280000,20.942042
80.320000,20.980476
80.360000,21.019364
80.400000,21.058727
80.440000,21.098586
80.480000,21.138957
80.520000,21.179852
80.560000,21.221280
80.600000,21.263249
80.640000,21.305759
80.680000,21.348812
80.720000,21.392401
80.760000,21.436519
80.800000,21.481155
80.840000,21.526294
80.880000,21.571917
80.920000,21.618002
80.960000,21.664524
81.000000,21.711453
81.040000,21.758758
81.080000,21.806401
81.120000,21.854345
81.160000,21.902545
81.200000,21.950957
81.240000,21.999532
81.280000,22.048217
81.320000,22.096958
81.360000,22.145698
81.400000,22.194378
81.440000,22.242935
81.480000,22.291305
81.520000,22.339424
81.560000,22.387223
81.600000,22.434634
81.640000,22.481589
81.680000,22.528017
81.720000,22.573847
81.760000,22.619009
81.800000,22.663433
81.840000,22.707048
81.880000,22.749785
81.920000,22.791576
81.960000,22.832353
82.000000,22.872051
82.040000,22.910606
82.080000,22.947954
82.120000,22.984037
82.160000,23.018794
82.200000,23.052171
82.240000,23.084113
82.280000,23.114568
82.320000,23.143488
82.360000,23.170826
82.400000,23.196537
82.440000,23.220580
82.480000,23.242914
82.520000,23.263503
82.560000,23.282311
82.600000,23.299305
82.640000,23.314454
82.680000,23.327730
82.720000,23.339104
82.760000,23.348551
82.800000,23.356047
82.840000,23.361570
82.880000,23.365100
82.920000,23.366617
82.960000,23.366104
83.000000,23.363543
83.040000,23.358920
83.080000,23.352222
83.120000,23.343437
83.160000,23.332554
83.200000,23.319564
83.240000,23.304463
83.280000,23.287243
83.320000,23.267905
83.360000,23.246448
83.400000,23.222876
83.440000,23.197195
83.480000,23.169417
83.520000,23.139554
83.560000,23.107627
83.600000,23.073658
83.640000,23.037678
83.680000,22.999721
83.720000,22.959828
83.760000,22.918048
83.800000,22.874435
83.840000,22.829051
83.880000,22.781968
83.920000,22.733263
83.960000,22.683023
84.000000,22.631342
84.040000,22.578324
84.080000,22.524078
84.120000,22.468724
84.160000,22.412388
84.200000,22.355203
84.240000,22.297306
84.280000,22.238842
84.320000,22.179959
84.360000,22.120810
84.400000,22.061548
84.440000,22.002329
84.480000,21.943308
84.520000,21.884638
84.560000,21.826472
84.600000,21.768959
84.640000,21.712241
84.680000,21.656457
84.720000,21.601740
84.760000,21.548213
84.800000,21.495995
84.840000,21.445195
84.880000,21.395911
84.920000,21.348237
84.960000,21.302255
85.000000,21.258038
85.040000,21.215650
85.080000,21.175149
85.120000,21.136582
85.160000,21.099988
85.200000,21.065400
85.240000,21.032842
85.280000,21.002333
85.320000,20.973883
85.360000,20.947500
85.400000,20.923184
85.440000,20.900930
85.480000,20.880730
85.520000,20.862571
85.560000,20.846438
85.600000,20.832310
85.640000,20.820165
85.680000,20.809977
85.720000,20.801720
85.760000,20.795363
85.800000,20.790874
85.840000,20.788218
85.880000,20.787361
85.920000,20.788264
85.960000,20.790887
86.000000,20.795190
86.040000,20.801128
86.080000,20.808655
86.120000,20.817725
86.160000,20.828286
86.200000,20.840287
86.240000,20.853671
86.280000,20.868381
86.320000,20.884354
86.360000,20.901526
86.400000,20.919828
86.440000,20.939188
86.480000,20.959528
86.520000,20.980768
86.560000,21.002821
86.600000,21.025598
86.640000,21.049002
86.680000,21.072933
86.720000,21.097285
86.760000,21.121947
86.800000,21.146804
86.840000,21.171733
86.880000,21.196611
86.920000,21.221306
86.960000,21.245684
87.000000,21.269607
87.040000,21.292934
87.080000,21.315523
87.120000,21.337227
87.160000,21.357900
87.200000,21.377397
87.240000,21.395571
87.280000,21.412279
87.320000,21.427381
87.360000,21.440739
87.400000,21.452222
87.440000,21.461704
87.480000,21.469068
87.520000,21.474203
87.560000,21.477008
87.600000,21.477395
87.640000,21.475286
87.680000,21.470614
87.720000,21.463327
87.760000,21.453388
87.800000,21.440773
87.840000,21.425475
87.880000,21.407502
87.920000,21.386879
87.960000,21.363646
88.000000,21.337862
88.040000,21.309600
88.080000,21.278948
88.120000,21.246013
88.160000,21.210912
88.200000,21.173780
88.240000,21.134760
88.280000,21.094008
88.320000,21.051692
88.360000,21.007983
88.400000,20.963061
88.440000,20.917111
88.480000,20.870318
88.520000,20.822870
88.560000,20.774953
88.600000,20.726748
88.640000,20.678435
88.680000,20.630186
88.720000,20.582164
88.760000,20.534526
88.800000,20.487419
88.840000,20.440979
88.880000,20.395330
88.920000,20.350589
88.960000,20.306856
89.000000,20.264225
89.040000,20.222775
89.080000,20.182577
89.120000,20.143689
89.160000,20.106161
89.200000,20.070034
89.240000,20.035337
89.280000,20.002096
89.320000,19.970326
89.360000,19.940037
89.400000,19.911232
89.440000,19.883910
89.480000,19.858064
89.520000,19.833685
89.560000,19.810757
89.600000,19.789266
89.640000,19.769191
89.680000,19.750512
89.720000,19.733206
89.760000,19.717249
89.800000,19.702616
89.840000,19.689283
89.880000,19.677223
89.920000,19.666411
89.960000,19.656821
90.000000,19.648427
90.040000,19.641205
90.080000,19.635129
90.120000,19.630176
90.160000,19.626321
90.200000,19.623541
90.240000,19.621815
90.280000,19.621120
90.320000,19.621434
90.360000,19.622738
90.400000,19.625010
90.440000,19.628232
90.480000,19.632382
90.520000,19.637443
90.560000,19.643394
90.600000,19.650217
90.640000,19.657891
90.680000,19.666397
90.720000,19.675713
90.760000,19.685820
90.800000,19.696693
90.840000,19.708309
90.880000,19.720643
90.920000,19.733668
90.960000,19.747353
91.000000,19.761668
91.040000,19.776576
91.080000,19.792041
91.120000,19.808020
91.160000,19.824469
91.200000,19.841338
91.240000,19.858572
91.280000,19.876114
91.320000,19.893899
91.360000,19.911858
91.400000,19.929917
91.440000,19.947996
91.480000,19.966010
91.520000,19.983867
91.560000,20.001473
91.600000,20.018726
91.640000,20.035522
91.680000,20.051752
91.720000,20.067306
91.760000,20.082069
91.800000,20.095928
91.840000,20.108770
91.880000,20.120483
91.920000,20.130957
91.960000,20.140091
92.000000,20.147786
92.040000,20.153953
92.080000,20.158513
92.120000,20.161398
92.160000,20.162551
92.200000,20.161930
92.240000,20.159508
92.280000,20.155274
92.320000,20.149232
92.360000,20.141401
92.400000,20.131821
92.440000,20.120542
92.480000,20.107634
92.520000,20.093179
92.560000,20.077271
92.600000,20.060019
92.640000,20.041537
92.680000,20.021951
92.720000,20.001392
92.760000,19.979996
92.800000,19.957899
92.840000,19.935241
92.880000,19.912158
92.920000,19.888787
92.960000,19.865256
93.000000,19.841693
93.040000,19.818216
93.080000,19.794938
93.120000,19.771963
93.160000,19.749390
93.200000,19.727304
93.240000,19.705788
93.280000,19.684912
93.320000,19.664741
93.360000,19.645330
93.400000,19.626727
93.440000,19.608973
93.480000,19.592104
93.520000,19.576148
93.560000,19.561127
93.600000,19.547060
93.640000,19.533961
93.680000,19.521839
93.720000,19.510699
93.760000,19.500545
93.800000,19.491376
93.840000,19.483192
93.880000,19.475987
93.920000,19.469757
93.960000,19.464495
94.000000,19.460193
94.040000,19.456843
94.080000,19.454435
94.120000,19.452962
94.160000,19.452413
94.200000,19.452779
94.240000,19.454051
94.280000,19.456221
94.320000,19.459279
94.360000,19.463217
94.400000,19.468028
94.440000,19.473705
94.480000,19.480240
94.520000,19.487628
94.560000,19.495864
94.600000,19.504942
94.640000,19.514859
94.680000,19.525612
94.720000,19.537197
94.760000,19.549613
94.800000,19.562859
94.840000,19.576933
94.880000,19.591837
94.920000,19.607571
94.960000,19.624137
95.000000,19.641537
95.040000,19.659774
95.080000,19.678853
95.120000,19.698779
95.160000,19.719555
95.200000,19.741190
95.240000,19.763690
95.280000,19.787064
95.320000,19.811319
95.360000,19.836466
95.400000,19.862516
95.440000,19.889480
95.480000,19.917371
95.520000,19.946203
95.560000,19.975990
95.600000,20.006747
95.640000,20.038492
95.680000,20.071243
95.720000,20.105018
95.760000,20.139838
95.800000,20.175724
95.840000,20.212698
95.880000,20.250783
95.920000,20.290006
95.960000,20.330390
96.000000,20.371964
96.040000,20.414754
96.080000,20.458790
96.120000,20.504101
96.160000,20.550717
96.200000,20.598669
96.240000,20.647988
96.280000,20.698705
96.320000,20.750852
96.360000,20.804460
96.400000,20.859558
96.440000,20.916176
96.480000,20.974343
96.520000,21.034084
96.560000,21.095423
96.600000,21.158382
96.640000,21.222978
96.680000,21.289226
96.720000,21.357134
96.760000,21.426708
96.800000,21.497945
96.840000,21.570838
96.880000,21.645372
96.920000,21.721525
96.960000,21.799264
97.000000,21.878551
97.040000,21.959335
97.080000,22.041559
97.120000,22.125154
97.160000,22.210040
97.200000,22.296130
97.240000,22.383324
97.280000,22.471515
97.320000,22.560586
97.360000,22.650412
97.400000,22.740861
97.440000,22.831796
97.480000,22.923075
97.520000,23.014550
97.560000,23.106075
97.600000,23.197502
97.640000,23.288683
97.680000,23.379474
97.720000,23.469737
97.760000,23.559337
97.800000,23.648147
97.840000,23.736049
97.880000,23.822934
97.920000,23.908703
97.960000,23.993266
98.000000,24.076548
98.040000,24.158482
98.080000,24.239013
98.120000,24.318098
98.160000,24.395705
98.200000,24.471814
98.240000,24.546411
98.280000,24.619497
98.320000,24.691078
98.360000,24.761170
98.400000,24.829795
98.440000,24.896983
98.480000,24.962770
98.520000,25.027196
98.560000,25.090306
98.600000,25.152149
98.640000,25.212776
98.680000,25.272242
98.720000,25.330603
98.760000,25.387915
98.800000,25.444235
98.840000,25.499622
98.880000,25.554133
98.920000,25.607825
98.960000,25.660752
99.000000,25.712969
99.040000,25.764528
99.080000,25.815480
99.120000,25.865871
99.160000,25.915746
99.200000,25.965148
99.240000,26.014115
99.280000,26.062682
99.320000,26.110881
99.360000,26.158740
99.400000,26.206281
99.440000,26.253524
99.480000,26.300484
99.520000,26.347171
99.560000,26.393589
99.600000,26.439738
99.640000,26.485613
99.680000,26.531202
99.720000,26.576489
99.760000,26.621452
99.800000,26.666062
99.840000,26.710285
99.880000,26.754080
99.920000,26.797401
99.960000,26.840196
100.000000,26.882405
100.040000,26.923965
100.080000,26.964805
100.120000,27.004849
100.160000,27.044016
100.200000,27.082221
100.240000,27.119372
100.280000,27.155376
100.320000,27.190133
100.360000,27.223543
100.400000,27.255503
100.440000,27.285907
100.480000,27.314649
100.520000,27.341625
100.560000,27.366729
100.600000,27.389858
100.640000,27.410913
100.680000,27.429796
100.720000,27.446416
100.760000,27.460688
100.800000,27.472532
100.840000,27.481877
100.880000,27.488660
100.920000,27.492827
100.960000,27.494336
101.000000,27.493155
101.040000,27.489264
101.080000,27.482657
101.120000,27.473340
101.160000,27.461333
101.200000,27.446670
101.240000,27.429400
101.280000,27.409584
101.320000,27.387302
101.360000,27.362643
101.400000,27.335714
101.440000,27.306631
101.480000,27.275526
101.520000,27.242541
101.560000,27.207828
101.600000,27.171548
101.640000,27.133871
101.680000,27.094971
101.720000,27.055028
101.760000,27.014225
101.800000,26.972747
101.840000,26.930776
101.880000,26.888494
101.920000,26.846079
101.960000,26.803704
102.000000,26.761536
102.040000,26.719733
102.080000,26.678447
102.120000,26.637818
102.160000,26.597979
102.200000,26.559050
102.240000,26.521142
102.280000,26.484356
102.320000,26.448779
102.360000,26.414492
102.400000,26.381563
102.440000,26.350051
102.480000,26.320006
102.520000,26.291470
102.560000,26.264474
102.600000,26.239046
102.640000,26.215203
102.680000,26.192959
102.720000,26.172321
102.760000,26.153292
102.800000,26.135869
102.840000,26.120046
102.880000,26.105815
102.920000,26.093163
102.960000,26.082077
103.000000,26.072540
103.040000,26.064535
103.080000,26.058043
103.120000,26.053042
103.160000,26.049514
103.200000,26.047435
103.240000,26.046784
103.280000,26.047539
103.320000,26.049676
103.360000,26.053174
103.400000,26.058007
103.440000,26.064155
103.480000,26.071592
103.520000,26.080295
103.560000,26.090241
103.600000,26.101404
103.640000,26.113760
103.680000,26.127284
103.720000,26.141950
103.760000,26.157732
103.800000,26.174601
103.840000,26.192530
103.880000,26.211490
103.920000,26.231450
103.960000,26.252378
104.000000,26.274242
104.040000,26.297007
104.080000,26.320638
104.120000,26.345097
104.160000,26.370345
104.200000,26.396342
104.240000,26.423046
104.280000,26.450414
104.320000,26.478399
104.360000,26.506957
104.400000,26.536037
104.440000,26.565592
104.480000,26.595570
104.520000,26.625919
104.560000,26.656587
104.600000,26.687520
104.640000,26.718663
104.680000,26.749963
104.720000,26.781365
104.760000,26.812813
104.800000,26.844254
104.840000,26.875633
104.880000,26.906897
104.920000,26.937994
104.960000,26.968872
105.000000,26.999483
105.040000,27.029778
105.080000,27.059711
105.120000,27.089239
105.160000,27.118320
105.200000,27.146915
105.240000,27.174989
105.280000,27.202507
105.320000,27.229439
105.360000,27.255759
105.400000,27.281442
105.440000,27.306467
105.480000,27.330818
105.520000,27.354481
105.560000,27.377445
105.600000,27.399705
105.640000,27.421257
105.680000,27.442101
105.720000,27.462243
105.760000,27.481690
105.800000,27.500453
105.840000,27.518548
105.880000,27.535992
105.920000,27.552808
105.960000,27.569022
106.000000,27.584661
106.040000,27.599758
106.080000,27.614348
106.120000,27.628468
106.160000,27.642161
106.200000,27.655471
106.240000,27.668443
106.280000,27.681129
106.320000,27.693580
106.360000,27.705851
106.400000,27.718000
106.440000,27.730085
106.480000,27.742168
106.520000,27.754314
106.560000,27.766586
106.600000,27.779052
106.640000,27.791781
106.680000,27.804843
106.720000,27.818307
106.760000,27.832248
106.800000,27.846736
106.840000,27.861846
106.880000,27.877652
106.920000,27.894227
106.960000,27.911646
107.000000,27.929982
107.040000,27.949309
107.080000,27.969699
107.120000,27.991224
107.160000,28.013954
107.200000,28.037958
107.240000,28.063303
107.280000,28.090054
107.320000,28.118274
107.360000,28.148023
107.400000,28.179357
107.440000,28.212330
107.480000,28.246992
107.520000,28.283389
107.560000,28.321562
107.600000,28.361548
107.640000,28.403378
107.680000,28.447079
107.720000,28.492671
107.760000,28.540168
107.800000,28.589577
107.840000,28.640899
107.880000,28.694128
107.920000,28.749251
107.960000,28.806246
108.000000,28.865085
108.040000,28.925731
108.080000,28.988140
108.120000,29.052261
108.160000,29.118033
108.200000,29.185390
108.240000,29.254257
108.280000,29.324554
108.320000,29.396193
108.360000,29.469082
108.400000,29.543121
108.440000,29.618206
108.480000,29.694232
108.520000,29.771086
108.560000,29.848656
108.600000,29.926825
108.640000,30.005478
108.680000,30.084497
108.720000,30.163766
108.760000,30.243168
108.800000,30.322589
108.840000,30.401917
108.880000,30.481041
108.920000,30.559854
108.960000,30.638253
109.000000,30.716136
109.040000,30.793408
109.080000,30.869974
109.120000,30.945746
109.160000,31.020637
109.200000,31.094566
109.240000,31.167453
109.280000,31.239224
109.320000,31.309806
109.360000,31.379131
109.400000,31.447131
109.440000,31.513744
109.480000,31.578907
109.520000,31.642562
109.560000,31.704651
109.600000,31.765119
109.640000,31.823914
109.680000,31.880983
109.720000,31.936278
109.760000,31.989750
109.800000,32.041356
109.840000,32.091051
109.880000,32.138794
109.920000,32.184548
109.960000,32.228277
110.000000,32.269949
110.040000,32.309535
110.080000,32.347010
110.120000,32.382353
110.160000,32.415547
110.200000,32.446580
110.240000,32.475446
110.280000,32.502143
110.320000,32.526675
110.360000,32.549051
110.400000,32.569287
110.440000,32.587406
110.480000,32.603435
110.520000,32.617409
110.560000,32.629368
110.600000,32.639360
110.640000,32.647436
110.680000,32.653657
110.720000,32.658086
110.760000,32.660793
110.800000,32.661852
110.840000,32.661344
110.880000,32.659351
110.920000,32.655960
110.960000,32.651262
111.000000,32.645349
111.040000,32.638315
111.080000,32.630258
111.120000,32.621274
111.160000,32.611460
111.200000,32.600915
111.240000,32.589734
111.280000,32.578013
111.320000,32.565845
111.360000,32.553323
111.400000,32.540536
111.440000,32.527569
111.480000,32.514508
111.520000,32.501430
111.560000,32.488414
111.600000,32.475533
111.640000,32.462854
111.680000,32.450444
111.720000,32.438364
111.760000,32.426672
111.800000,32.415422
111.840000,32.404663
111.880000,32.394443
111.920000,32.384804
111.960000,32.375786
112.000000,32.367425
112.040000,32.359755
112.080000,32.352807
112.120000,32.346609
112.160000,32.341185
112.200000,32.336560
112.240000,32.332754
112.280000,32.329787
112.320000,32.327677
112.360000,32.326439
112.400000,32.326088
112.440000,32.326637
112.480000,32.328099
112.520000,32.330486
112.560000,32.333809
112.600000,32.338077
112.640000,32.343300
112.680000,32.349487
112.720000,32.356648
112.760000,32.364792
112.800000,32.373926
112.840000,32.384060
112.880000,32.395203
112.920000,32.407362
112.960000,32.420547
113.000000,32.434768
113.040000,32.450033
113.080000,32.466352
113.120000,32.483735
113.160000,32.502193
113.200000,32.521734
113.240000,32.542372
113.280000,32.564116
113.320000,32.586978
113.360000,32.610969
113.400000,32.636102
113.440000,32.662389
113.480000,32.689842
113.520000,32.718473
113.560000,32.748295
113.600000,32.779321
113.640000,32.811562
113.680000,32.845030
113.720000,32.879738
113.760000,32.915697
113.800000,32.952916
113.840000,32.991407
113.880000,33.031178
113.920000,33.072236
113.960000,33.114589
114.000000,33.158240
114.040000,33.203193
114.080000,33.249449
114.120000,33.297005
114.160000,33.345858
114.200000,33.396000
114.240000,33.447420
114.280000,33.500103
114.320000,33.554031
114.360000,33.609180
114.400000,33.665522
114.440000,33.723023
114.480000,33.781645
114.520000,33.841342
114.560000,33.902064
114.600000,33.963752
114.640000,34.026343
114.680000,34.089766
114.720000,34.153942
114.760000,34.218786
114.800000,34.284208
114.840000,34.350109
114.880000,34.416383
114.920000,34.482921
114.960000,34.549607
115.000000,34.616318
115.040000,34.682930
115.080000,34.749312
115.120000,34.815335
115.160000,34.880862
115.200000,34.945761
115.240000,35.009894
115.280000,35.073130
115.320000,35.135334
115.360000,35.196378
115.400000,35.256136
115.440000,35.314486
115.480000,35.371313
115.520000,35.426505
115.560000,35.479958
115.600000,35.531576
115.640000,35.581267
115.680000,35.628950
115.720000,35.674550
115.760000,35.717999
115.800000,35.759237
115.840000,35.798212
115.880000,35.834878
115.920000,35.869199
115.960000,35.901143
116.000000,35.930684
116.040000,35.957805
116.080000,35.982493
116.120000,36.004740
116.160000,36.024544
116.200000,36.041907
116.240000,36.056835
116.280000,36.069341
116.320000,36.079439
116.360000,36.087146
116.400000,36.092486
116.440000,36.095484
116.480000,36.096170
116.520000,36.094574
116.560000,36.090734
116.600000,36.084689
116.640000,36.076482
116.680000,36.066161
116.720000,36.053777
116.760000,36.039385
116.800000,36.023047
116.840000,36.004828
116.880000,35.984798
116.920000,35.963035
116.960000,35.939621
117.000000,35.914644
117.040000,35.888201
117.080000,35.860392
117.120000,35.831327
117.160000,35.801120
117.200000,35.769895
117.240000,35.737781
117.280000,35.704911
117.320000,35.671429
117.360000,35.637482
117.400000,35.603220
117.440000,35.568802
117.480000,35.534388
117.520000,35.500140
117.560000,35.466222
117.600000,35.432802
117.640000,35.400044
117.680000,35.368112
117.720000,35.337167
117.760000,35.307367
117.800000,35.278867
117.840000,35.251813
117.880000,35.226347
117.920000,35.202604
117.960000,35.180709
118.000000,35.160780
118.040000,35.142926
118.080000,35.127244
118.120000,35.113825
118.160000,35.102747
118.200000,35.094080
118.240000,35.087883
118.280000,35.084204
118.320000,35.083084
118.360000,35.084552
118.400000,35.088629
118.440000,35.095328
118.480000,35.104652
118.520000,35.116597
118.560000,35.131152
118.600000,35.148298
118.640000,35.168009
118.680000,35.190255
118.720000,35.214999
118.760000,35.242197
118.800000,35.271804
118.840000,35.303768
118.880000,35.338033
118.920000,35.374541
118.960000,35.413228
119.000000,35.454031
119.040000,35.496880
119.080000,35.541705
119.120000,35.588434
119.160000,35.636992
119.200000,35.687302
119.240000,35.739286
119.280000,35.792865
119.320000,35.847958
119.360000,35.904481
119.400000,35.962351
119.440000,36.021483
119.480000,36.081790
119.520000,36.143185
119.560000,36.205579
119.600000,36.268882
119.640000,36.333002
119.680000,36.397847
119.720000,36.463324
119.760000,36.529337
119.800000,36.595791
119.840000,36.662589
119.880000,36.729633
119.920000,36.796825
119.960000,36.864067
120.000000,36.931260
120.040000,36.998305
120.080000,37.065104
120.120000,37.131559
120.160000,37.197575
120.200000,37.263057
120.240000,37.327912
120.280000,37.392050
120.320000,37.455386
120.360000,37.517835
120.400000,37.579319
120.440000,37.639762
120.480000,37.699096
120.520000,37.757255
120.560000,37.814180
120.600000,37.869819
120.640000,37.924124
120.680000,37.977056
120.720000,38.028581
120.760000,38.078671
120.800000,38.127306
120.840000,38.174472
120.880000,38.220161
120.920000,38.264373
120.960000,38.307112
121.000000,38.348389
121.040000,38.388221
121.080000,38.426629
121.120000,38.463639
121.160000,38.499283
121.200000,38.533596
121.240000,38.566618
121.280000,38.598390
121.320000,38.628957
121.360000,38.658368
121.400000,38.686672
121.440000,38.713921
121.480000,38.740168
121.520000,38.765467
121.560000,38.789873
121.600000,38.813442
121.640000,38.836227
121.680000,38.858285
121.720000,38.879669
121.760000,38.900434
121.800000,38.920633
121.840000,38.940316
121.880000,38.959535
121.920000,38.978339
121.960000,38.996775
122.000000,39.014888
122.040000,39.032722
122.080000,39.050319
122.120000,39.067719
122.160000,39.084959
122.200000,39.102074
122.240000,39.119098
122.280000,39.136061
122.320000,39.152991
122.360000,39.169913
122.400000,39.186853
122.440000,39.203829
122.480000,39.220860
122.520000,39.237962
122.560000,39.255147
122.600000,39.272425
122.640000,39.289804
122.680000,39.307288
122.720000,39.324879
122.760000,39.342575
122.800000,39.360372
122.840000,39.378262
122.880000,39.396236
122.920000,39.414279
122.960000,39.432376
123.000000,39.450504
123.040000,39.468643
123.080000,39.486764
123.120000,39.504838
123.160000,39.522830
123.200000,39.540705
123.240000,39.558421
123.280000,39.575935
123.320000,39.593198
123.360000,39.610159
123.400000,39.626765
123.440000,39.642956
123.480000,39.658672
123.520000,39.673848
123.560000,39.688417
123.600000,39.702307
123.640000,39.715447
123.680000,39.727759
123.720000,39.739166
123.760000,39.749588
123.800000,39.758945
123.840000,39.767154
123.880000,39.774132
123.920000,39.779796
123.960000,39.784064
124.000000,39.786855
124.040000,39.788089
124.080000,39.787689
124.120000,39.785581
124.160000,39.781694
124.200000,39.775964
124.240000,39.768330
124.280000,39.758738
124.320000,39.747142
124.360000,39.733503
124.400000,39.717791
124.440000,39.699985
124.480000,39.680074
124.520000,39.658059
124.560000,39.633949
124.600000,39.607769
124.640000,39.579553
124.680000,39.549348
124.720000,39.517212
124.760000,39.483216
124.800000,39.447443
124.840000,39.409986
124.880000,39.370950
124.920000,39.330447
124.960000,39.288602
125.000000,39.245542
125.040000,39.201405
125.080000,39.156332
125.120000,39.110465
125.160000,39.063952
125.200000,39.016939
125.240000,38.969571
125.280000,38.921990
125.320000,38.874335
125.360000,38.826739
125.400000,38.779329
125.440000,38.732225
125.480000,38.685537
125.520000,38.639368
125.560000,38.593811
125.600000,38.548950
125.640000,38.504857
125.680000,38.461597
125.720000,38.419222
125.760000,38.377779
125.800000,38.337301
125.840000,38.297815
125.880000,38.259339
125.920000,38.221884
125.960000,38.185452
126.000000,38.150041
126.040000,38.115640
126.080000,38.082235
126.120000,38.049807
126.160000,38.018331
126.200000,37.987781
126.240000,37.958124
126.280000,37.929328
126.320000,37.901356
126.360000,37.874172
126.400000,37.847736
126.440000,37.822008
126.480000,37.796946
126.520000,37.772509
126.560000,37.748655
126.600000,37.725341
126.640000,37.702526
126.680000,37.680167
126.720000,37.658224
126.760000,37.636654
126.800000,37.615418
126.840000,37.594476
126.880000,37.573789
126.920000,37.553318
126.960000,37.533027
127.000000,37.512878
127.040000,37.492836
127.080000,37.472867
127.120000,37.452937
127.160000,37.433013
127.200000,37.413064
127.240000,37.393058
127.280000,37.372965
127.320000,37.352757
127.360000,37.332405
127.400000,37.311882
127.440000,37.291163
127.480000,37.270221
127.520000,37.249032
127.560000,37.227573
127.600000,37.205819
127.640000,37.183750
127.680000,37.161344
127.720000,37.138580
127.760000,37.115439
127.800000,37.091901
127.840000,37.067947
127.880000,37.043559
127.920000,37.018721
127.960000,36.993415
128.000000,36.967625
128.040000,36.941336
128.080000,36.914531
128.120000,36.887196
128.160000,36.859316
128.200000,36.830877
128.240000,36.801865
128.280000,36.772265
128.320000,36.742064
128.360000,36.711249
128.400000,36.679805
128.440000,36.647718
128.480000,36.614975
128.520000,36.581562
128.560000,36.547464
128.600000,36.512667
128.640000,36.477155
128.680000,36.440914
128.720000,36.403926
128.760000,36.366175
128.800000,36.327644
128.840000,36.288314
128.880000,36.248166
128.920000,36.207182
128.960000,36.165338
129.000000,36.122615
129.040000,36.078988
129.080000,36.034434
129.120000,35.988927
129.160000,35.942442
129.200000,35.894951
129.240000,35.846425
129.280000,35.796835
129.320000,35.746150
129.360000,35.694338
129.400000,35.641368
129.440000,35.587206
129.480000,35.531818
129.520000,35.475170
129.560000,35.417227
129.600000,35.357956
129.640000,35.297322
129.680000,35.235293
129.720000,35.171836
129.760000,35.106921
129.800000,35.040518
129.840000,34.972603
129.880000,34.903152
129.920000,34.832145
129.960000,34.759567
130.000000,34.685408
130.040000,34.609664
130.080000,34.532335
130.120000,34.453430
130.160000,34.372965
130.200000,34.290963
130.240000,34.207458
130.280000,34.122492
130.320000,34.036116
130.360000,33.948391
130.400000,33.859389
130.440000,33.769192
130.480000,33.677891
130.520000,33.585587
130.560000,33.492390
130.600000,33.398419
130.640000,33.303800
130.680000,33.208666
130.720000,33.113155
130.760000,33.017409
130.800000,32.921572
130.840000,32.825789
130.880000,32.730207
130.920000,32.634969
130.960000,32.540214
131.000000,32.446077
131.040000,32.352688
131.080000,32.260167
131.120000,32.168629
131.160000,32.078178
131.200000,31.988908
131.240000,31.900904
131.280000,31.814241
131.320000,31.728982
131.360000,31.645180
131.400000,31.562879
131.440000,31.482113
131.480000,31.402905
131.520000,31.325273
131.560000,31.249224
131.600000,31.174759
131.640000,31.101873
131.680000,31.030554
131.720000,30.960786
131.760000,30.892550
131.800000,30.825822
131.840000,30.760577
131.880000,30.696787
131.920000,30.634424
131.960000,30.573457
132.000000,30.513859
132.040000,30.455600
132.080000,30.398653
132.120000,30.342993
132.160000,30.288595
132.200000,30.235439
132.240000,30.183506
132.280000,30.132780
132.320000,30.083248
132.360000,30.034903
132.400000,29.987738
132.440000,29.941752
132.480000,29.896949
132.520000,29.853333
132.560000,29.810917
132.600000,29.769715
132.640000,29.729746
132.680000,29.691032
132.720000,29.653601
132.760000,29.617483
132.800000,29.582713
132.840000,29.549330
132.880000,29.517373
132.920000,29.486889
132.960000,29.457925
133.000000,29.430530
133.040000,29.404758
133.080000,29.380662
133.120000,29.358298
133.160000,29.337722
133.200000,29.318993
133.240000,29.302168
133.280000,29.287304
133.320000,29.274456
133.360000,29.263680
133.400000,29.255028
133.440000,29.248549
133.480000,29.244290
133.520000,29.242293
133.560000,29.242595
133.600000,29.245229
133.640000,29.250220
133.680000,29.257588
133.720000,29.267346
133.760000,29.279496
133.800000,29.294035
133.840000,29.310950
133.880000,29.330217
133.920000,29.351804
133.960000,29.375668
134.000000,29.401755
134.040000,29.430003
134.080000,29.460337
134.120000,29.492673
134.160000,29.526915
134.200000,29.562961
134.240000,29.600698
134.280000,29.640003
134.320000,29.680749
134.360000,29.722801
134.400000,29.766019
134.440000,29.810257
134.480000,29.855370
134.520000,29.901207
134.560000,29.947620
134.600000,29.994461
134.640000,30.041585
134.680000,30.088848
134.720000,30.136115
134.760000,30.183253
134.800000,30.230138
134.840000,30.276652
134.880000,30.322687
134.920000,30.368142
134.960000,30.412926
135.000000,30.456957
135.040000,30.500162
135.080000,30.542478
135.120000,30.583851
135.160000,30.624236
135.200000,30.663596
135.240000,30.701902
135.280000,30.739136
135.320000,30.775283
135.360000,30.810336
135.400000,30.844296
135.440000,30.877168
135.480000,30.908962
135.520000,30.939693
135.560000,30.969381
135.600000,30.998047
135.640000,31.025717
135.680000,31.052421
135.720000,31.078187
135.760000,31.103048
135.800000,31.127039
135.840000,31.150193
135.880000,31.172546
135.920000,31.194135
135.960000,31.214996
136.000000,31.235165
136.040000,31.254681
136.080000,31.273578
136.120000,31.291894
136.160000,31.309663
136.200000,31.326921
136.240000,31.343703
136.280000,31.360042
136.320000,31.375972
136.360000,31.391524
136.400000,31.406730
136.440000,31.421620
136.480000,31.436225
136.520000,31.450572
136.560000,31.464691
136.600000,31.478606
136.640000,31.492346
136.680000,31.505935
136.720000,31.519396
136.760000,31.532755
136.800000,31.546032
136.840000,31.559251
136.880000,31.572431
136.920000,31.585594
136.960000,31.598758
137.000000,31.611942
137.040000,31.625165
137.080000,31.638443
137.120000,31.651794
137.160000,31.665232
137.200000,31.678774
137.240000,31.692435
137.280000,31.706228
137.320000,31.720167
137.360000,31.734266
137.400000,31.748538
137.440000,31.762994
137.480000,31.777647
137.520000,31.792508
137.560000,31.807589
137.600000,31.822901
137.640000,31.838453
137.680000,31.854258
137.720000,31.870324
137.760000,31.886662
137.800000,31.903283
137.840000,31.920195
137.880000,31.937409
137.920000,31.954935
137.960000,31.972782
138.000000,31.990962
138.040000,32.009483
138.080000,32.028356
138.120000,32.047593
138.160000,32.067203
138.200000,32.087199
138.240000,32.107591
138.280000,32.128392
138.320000,32.149614
138.360000,32.171271
138.400000,32.193377
138.440000,32.215945
138.480000,32.238990
138.520000,32.262530
138.560000,32.286579
138.600000,32.311157
138.640000,32.336280
138.680000,32.361969
138.720000,32.388244
138.760000,32.415126
138.800000,32.442637
138.840000,32.470802
138.880000,32.499645
138.920000,32.529192
138.960000,32.559470
139.000000,32.590507
139.040000,32.622333
139.080000,32.654978
139.120000,32.688476
139.160000,32.722858
139.200000,32.758159
139.240000,32.794415
139.280000,32.831662
139.320000,32.869937
139.360000,32.909280
139.400000,32.949729
139.440000,32.991325
139.480000,33.034107
139.520000,33.078117
139.560000,33.123396
139.600000,33.169985
139.640000,33.217924
139.680000,33.267253
139.720000,33.318012
139.760000,33.370239
139.800000,33.423969
139.840000,33.479237
139.880000,33.536076
139.920000,33.594513
139.960000,33.654574
140.000000,33.716280
140.040000,33.779649
140.080000,33.844693
140.120000,33.911417
140.160000,33.979822
140.200000,34.049901
140.240000,34.121642
140.280000,34.195021
140.320000,34.270011
140.360000,34.346573
140.400000,34.424662
140.440000,34.504221
140.480000,34.585188
140.520000,34.667488
140.560000,34.751042
140.600000,34.835758
140.640000,34.921540
140.680000,35.008284
140.720000,35.095877
140.760000,35.184204
140.800000,35.273143
140.840000,35.362570
140.880000,35.452358
140.920000,35.542378
140.960000,35.632503
141.000000,35.722605
141.040000,35.812561
141.080000,35.902249
141.120000,35.991553
141.160000,36.080361
141.200000,36.168570
141.240000,36.256082
141.280000,36.342805
141.320000,36.428658
141.360000,36.513565
141.400000,36.597461
141.440000,36.680286
141.480000,36.761990
141.520000,36.842530
141.560000,36.921869
141.600000,36.999979
141.640000,37.076835
141.680000,37.152421
141.720000,37.226723
141.760000,37.299733
141.800000,37.371444
141.840000,37.441855
141.880000,37.510966
141.920000,37.578776
141.960000,37.645288
142.000000,37.710502
142.040000,37.774421
142.080000,37.837044
142.120000,37.898370
142.160000,37.958393
142.200000,38.017109
142.240000,38.074507
142.280000,38.130576
142.320000,38.185298
142.360000,38.238655
142.400000,38.290622
142.440000,38.341172
142.480000,38.390274
142.520000,38.437893
142.560000,38.483992
142.600000,38.528528
142.640000,38.571457
142.680000,38.612733
142.720000,38.652308
142.760000,38.690132
142.800000,38.726156
142.840000,38.760328
142.880000,38.792601
142.920000,38.822926
142.960000,38.851261
143.000000,38.877564
143.040000,38.901797
143.080000,38.923930
143.120000,38.943938
143.160000,38.961801
143.200000,38.977508
143.240000,38.991056
143.280000,39.002452
143.320000,39.011708
143.360000,39.018849
143.400000,39.023909
143.440000,39.026930
143.480000,39.027966
143.520000,39.027077
143.560000,39.024336
143.600000,39.019821
143.640000,39.013621
143.680000,39.005830
143.720000,38.996550
143.760000,38.985888
143.800000,38.973956
143.840000,38.960869
143.880000,38.946748
143.920000,38.931712
143.960000,38.915883
144.000000,38.899383
144.040000,38.882333
144.080000,38.864851
144.120000,38.847055
144.160000,38.829057
144.200000,38.810968
144.240000,38.792891
144.280000,38.774929
144.320000,38.757175
144.360000,38.739720
144.400000,38.722648
144.440000,38.706037
144.480000,38.689961
144.520000,38.674487
144.560000,38.659676
144.600000,38.645586
144.640000,38.632268
144.680000,38.619768
144.720000,38.608127
144.760000,38.597384
144.800000,38.587571
144.840000,38.578719
144.880000,38.570853
144.920000,38.563997
144.960000,38.558171
145.000000,38.553392
145.040000,38.549675
145.080000,38.547034
145.120000,38.545481
145.160000,38.545025
145.200000,38.545675
145.240000,38.547438
145.280000,38.550322
145.320000,38.554330
145.360000,38.559469
145.400000,38.565743
145.440000,38.573154
145.480000,38.581707
145.520000,38.591405
145.560000,38.602249
145.600000,38.614243
145.640000,38.627387
145.680000,38.641684
145.720000,38.657134
145.760000,38.673738
145.800000,38.691497
145.840000,38.710410
145.880000,38.730476
145.920000,38.751693
145.960000,38.774060
146.000000,38.797573
146.040000,38.822228
146.080000,38.848020
146.120000,38.874943
146.160000,38.902989
146.200000,38.932148
146.240000,38.962412
146.280000,38.993767
146.320000,39.026200
146.360000,39.059696
146.400000,39.094238
146.440000,39.129807
146.480000,39.166382
146.520000,39.203940
146.560000,39.242456
146.600000,39.281904
146.640000,39.322255
146.680000,39.363479
146.720000,39.405544
146.760000,39.448416
146.800000,39.492059
146.840000,39.536436
146.880000,39.581510
146.920000,39.627240
146.960000,39.673588
147.000000,39.720512
147.040000,39.767971
147.080000,39.815923
147.120000,39.864328
147.160000,39.913144
147.200000,39.962332
147.240000,40.011852
147.280000,40.061666
147.320000,40.111738
147.360000,40.162034
147.400000,40.212520
147.440000,40.263168
147.480000,40.313949
147.520000,40.364840
147.560000,40.415819
147.600000,40.466867
147.640000,40.517972
147.680000,40.569121
147.720000,40.620308
147.760000,40.671530
147.800000,40.722788
147.840000,40.774086
147.880000,40.825434
147.920000,40.876845
147.960000,40.928335
148.000000,40.979926
148.040000,41.031642
148.080000,41.083512
148.120000,41.135567
148.160000,41.187841
148.200000,41.240373
148.240000,41.293203
148.280000,41.346373
148.320000,41.399927
148.360000,41.453912
148.400000,41.508372
148.440000,41.563356
148.480000,41.618908
148.520000,41.675074
148.560000,41.731898
148.600000,41.789420
148.640000,41.847678
148.680000,41.906706
148.720000,41.966533
148.760000,42.027183
148.800000,42.088672
148.840000,42.151011
148.880000,42.214201
148.920000,42.278237
148.960000,42.343104
149.000000,42.408776
149.040000,42.475219
149.080000,42.542390
149.120000,42.610233
149.160000,42.678685
149.200000,42.747674
149.240000,42.817116
149.280000,42.886921
149.320000,42.956994
149.360000,43.027230
149.400000,43.097521
149.440000,43.167757
149.480000,43.237824
149.520000,43.307607
149.560000,43.376994
149.600000,43.445875
149.640000,43.514143
149.680000,43.581697
149.720000,43.648441
149.760000,43.714287
149.800000,43.779156
149.840000,43.842977
149.880000,43.905689
149.920000,43.967239
149.960000,44.027586
150.000000,44.086697
